Absolute Number,TS_Ver,TS_Degree of Automation,TS_State of Automation
4660,passed,Auto,Implemented
4890,passed,Auto,Implemented
4664,passed,Auto,Implemented
16022,passed,Auto,Implemented
16023,passed,Auto,Implemented
16024,passed,Auto,Implemented
16025,,Auto,In work
4701,,Auto,In work
4703,,Auto,In work
18276,passed,Auto,Implemented
16150,,Auto,In work
16151,,Auto,In work
18277,passed,Auto,Implemented
17170,passed,Auto,Implemented
17173,passed,Auto,Implemented
17172,,Auto,In work
17177,,Auto,In work
17174,,Auto,In work
17175,,Auto,In work
17176,,Auto,In work
17178,,Auto,In work
17563,,Auto,In work
17179,,Auto,In work
17180,,Auto,In work
17181,,Auto,In work
17182,,Auto,In work
17183,,Auto,In work
17184,,Auto,In work
17564,,Auto,In work
17565,,Auto,In work
17569,,Auto,In work
4679,passed,Auto,Implemented
4680,passed,Auto,Implemented
4681,passed,Auto,Implemented
4682,passed,Auto,Implemented
16027,passed,Auto,Implemented
4683,passed,Auto,Implemented
4684,passed,Auto,Implemented
4685,passed,Auto,Implemented
4686,passed,Auto,Implemented
4704,passed,Auto,Implemented
4705,passed,Auto,Implemented
4706,passed,Auto,Implemented
15596,passed,Auto,Implemented
4707,passed,Auto,Implemented
4708,passed,Auto,Implemented
4712,passed,Auto,Implemented
4715,passed,Auto,Implemented
4716,passed,Auto,Implemented
4720,passed,Auto,Implemented
15853,passed,Auto,Implemented
15854,passed,Auto,Implemented
15855,passed,Auto,Implemented
15856,passed,Auto,Implemented
4721,passed,Auto,Implemented
4723,passed,Auto,Implemented
16152,passed,Auto,Implemented
16619,passed,Auto,Implemented
16620,passed,Auto,Implemented
16621,passed,Auto,Implemented
16622,passed,Auto,Implemented
17140,,Auto,In work
4731,passed,Auto,Implemented
4732,passed,Auto,Implemented
4733,,Auto,In work
7481,,Auto,In work
7482,passed,Auto,Implemented
7484,passed,Auto,Implemented
7483,,Auto,In work
4744,passed,Auto,Implemented
16904,passed,Auto,Implemented
4745,,Auto,In work
16658,,Auto,In work
4734,passed,Auto,Implemented
4735,,Auto,In work
4736,,Auto,In work
4758,,Auto,In work
4762,,Auto,In work
4759,,Auto,In work
4763,,Auto,In work
4761,,Auto,In work
4753,,Auto,In work
17144,,Auto,In work
4957,,Auto,In work
4958,,Auto,In work
4959,,Auto,In work
4960,,Auto,In work
4968,passed,Auto,Implemented
4969,passed,Auto,Implemented
16153,,Auto,In work
16154,,Auto,In work
4970,passed,Auto,Implemented
4971,passed,Auto,Implemented
4972,passed,Auto,Implemented
4973,passed,Auto,Implemented
5017,,Auto,In work
5019,,Auto,In work
5020,,Auto,In work
5021,,Auto,In work
7472,,Auto,In work
5022,,Auto,In work
7473,,Auto,In work
7474,,Auto,In work
7477,,Auto,In work
17611,,Auto,In work
8107,passed,Auto,Implemented
8108,passed,Auto,Implemented
7984,passed,Auto,Implemented
7985,passed,Auto,Implemented
7986,passed,Auto,Implemented
7987,passed,Auto,Implemented
7988,passed,Auto,Implemented
7989,passed,Auto,Implemented
7990,passed,Auto,Implemented
7991,passed,Auto,Implemented
7992,passed,Auto,Implemented
17130,passed,Auto,Implemented
16441,passed,Auto,Implemented
8100,passed,Auto,Implemented
7870,passed,Auto,Implemented
7871,passed,Auto,Implemented
7873,passed,Auto,Implemented
7874,passed,Auto,Implemented
8186,passed,Auto,Implemented
8187,passed,Auto,Implemented
7876,passed,Auto,Implemented
7877,passed,Auto,Implemented
7878,passed,Auto,Implemented
7880,passed,Auto,Implemented
7881,passed,Auto,Implemented
7883,passed,Auto,Implemented
7884,passed,Auto,Implemented
7886,passed,Auto,Implemented
7887,passed,Auto,Implemented
7889,passed,Auto,Implemented
7890,passed,Auto,Implemented
7892,passed,Auto,Implemented
7893,passed,Auto,Implemented
7894,passed,Auto,Implemented
7895,passed,Auto,Implemented
16472,passed,Auto,Implemented
16473,passed,Auto,Implemented
16474,passed,Auto,Implemented
16476,passed,Auto,Implemented
16477,passed,Auto,Implemented
16479,passed,Auto,Implemented
16480,passed,Auto,Implemented
16482,passed,Auto,Implemented
16483,passed,Auto,Implemented
16485,passed,Auto,Implemented
16486,passed,Auto,Implemented
7946,,Auto,In work
16561,,Auto,In work
7901,passed,Auto,Implemented
7902,passed,Auto,Implemented
7903,passed,Auto,Implemented
7904,passed,Auto,Implemented
7908,passed,Auto,Implemented
7906,passed,Auto,Implemented
7924,passed,Auto,Implemented
7925,passed,Auto,Implemented
7926,passed,Auto,Implemented
7927,passed,Auto,Implemented
16104,passed,Auto,Implemented
7907,passed,Auto,Implemented
7909,passed,Auto,Implemented
7911,passed,Auto,Implemented
7912,passed,Auto,Implemented
7913,passed,Auto,Implemented
7914,passed,Auto,Implemented
17281,passed,Auto,Implemented
17282,passed,Auto,Implemented
7910,passed,Auto,Implemented
7915,passed,Auto,Implemented
17283,passed,Auto,Implemented
7916,passed,Auto,Implemented
7917,passed,Auto,Implemented
8102,passed,Auto,Implemented
7918,passed,Auto,Implemented
7919,passed,Auto,Implemented
7920,passed,Auto,Implemented
7921,passed,Auto,Implemented
7922,passed,Auto,Implemented
7923,passed,Auto,Implemented
8103,passed,Auto,Implemented
7929,passed,Auto,Implemented
8104,passed,Auto,Implemented
17575,passed,Auto,Implemented
17576,passed,Auto,Implemented
7930,passed,Auto,Implemented
7931,passed,Auto,Implemented
17573,passed,Auto,Implemented
17574,passed,Auto,Implemented
17577,passed,Auto,Implemented
17578,passed,Auto,Implemented
17579,passed,Auto,Implemented
17580,passed,Auto,Implemented
7933,passed,Auto,Implemented
16087,passed,Auto,Implemented
16088,passed,Auto,Implemented
7935,passed,Auto,Implemented
7936,passed,Auto,Implemented
15946,passed,Auto,Implemented
15947,passed,Auto,Implemented
7937,passed,Auto,Implemented
8188,passed,Auto,Implemented
7938,passed,Auto,Implemented
15929,passed,Auto,Implemented
15948,passed,Auto,Implemented
15949,passed,Auto,Implemented
7939,passed,Auto,Implemented
7940,passed,Auto,Implemented
16528,passed,Auto,Implemented
16531,passed,Auto,Implemented
16532,passed,Auto,Implemented
16533,passed,Auto,Implemented
16534,passed,Auto,Implemented
16537,passed,Auto,Implemented
16538,passed,Auto,Implemented
16539,passed,Auto,Implemented
16540,passed,Auto,Implemented
16541,,Auto,In work
16542,passed,Auto,Implemented
16543,passed,Auto,Implemented
16544,passed,Auto,Implemented
16545,passed,Auto,Implemented
16546,passed,Auto,Implemented
16547,passed,Auto,Implemented
16548,passed,Auto,Implemented
16550,passed,Auto,Implemented
16551,passed,Auto,Implemented
16552,passed,Auto,Implemented
16553,passed,Auto,Implemented
16554,passed,Auto,Implemented
16555,passed,Auto,Implemented
17612,passed,Auto,Implemented
17613,passed,Auto,Implemented
17614,passed,Auto,Implemented
17615,passed,Auto,Implemented
17284,passed,Auto,Implemented
17285,passed,Auto,Implemented
17286,passed,Auto,Implemented
17287,passed,Auto,Implemented
7945,,Auto,In work
7960,,Auto,In work
7961,,Auto,In work
7947,passed,Auto,Implemented
7949,passed,Auto,Implemented
7951,passed,Auto,Implemented
7953,passed,Auto,Implemented
7956,passed,Auto,Implemented
7957,passed,Auto,Implemented
7958,passed,Auto,Implemented
7959,passed,Auto,Implemented
7963,passed,Auto,Implemented
7964,passed,Auto,Implemented
7965,passed,Auto,Implemented
7966,passed,Auto,Implemented
7967,passed,Auto,Implemented
7968,passed,Auto,Implemented
7969,passed,Auto,Implemented
7970,passed,Auto,Implemented
7971,passed,Auto,Implemented
7973,passed,Auto,Implemented
7974,passed,Auto,Implemented
7975,passed,Auto,Implemented
7976,passed,Auto,Implemented
7977,passed,Auto,Implemented
8110,,Auto,In work
8111,,Auto,In work
8011,,Auto,In work
8012,passed,Auto,Implemented
8013,passed,Auto,Implemented
8014,passed,Auto,Implemented
8015,passed,Auto,Implemented
8016,,Auto,In work
8017,,Auto,In work
8019,passed,Auto,Implemented
8020,passed,Auto,Implemented
8073,passed,Auto,Implemented
8021,,Auto,In work
8022,,Auto,In work
8024,passed,Auto,Implemented
8025,passed,Auto,Implemented
8026,,Auto,In work
8027,,Auto,In work
8028,,Auto,In work
8030,,Auto,In work
8031,,Auto,In work
8032,,Auto,In work
8034,,Auto,In work
8035,,Auto,In work
8036,,Auto,In work
8038,,Auto,In work
8039,,Auto,In work
8041,,Auto,In work
8042,,Auto,In work
8043,,Auto,In work
8044,,Auto,In work
8045,,Auto,In work
8046,,Auto,In work
8047,,Auto,In work
8048,,Auto,In work
8050,passed,Auto,Implemented
8051,passed,Auto,Implemented
8053,,Auto,In work
8054,,Auto,In work
8055,,Auto,In work
8056,passed,Auto,Implemented
8057,,Auto,In work
8058,,Auto,In work
8059,,Auto,In work
8060,,Auto,In work
8061,,Auto,In work
8062,,Auto,In work
8063,,Auto,In work
8064,,Auto,In work
8065,passed,Auto,Implemented
8066,passed,Auto,Implemented
8067,,Auto,In work
8068,,Auto,In work
8069,,Auto,In work
8070,,Auto,In work
8075,,Auto,In work
8076,,Auto,In work
8077,,Auto,In work
8078,,Auto,In work
8081,,Auto,In work
8082,,Auto,In work
8083,,Auto,In work
8084,,Auto,In work
8085,,Auto,In work
8086,,Auto,In work
8087,,Auto,In work
8088,,Auto,In work
8089,,Auto,In work
8090,,Auto,In work
8091,,Auto,In work
8092,,Auto,In work
8094,,Auto,In work
8095,passed,Auto,Implemented
8096,,Auto,In work
8097,passed,Auto,Implemented
8098,,Auto,In work
8099,,Auto,In work
5146,,Auto,In work
5143,,Auto,In work
5144,,Auto,In work
5145,,Auto,In work
5230,,Auto,In work
5148,,Auto,In work
5149,,Auto,In work
5150,,Auto,In work
5151,,Auto,In work
15957,passed,Auto,Implemented
15958,passed,Auto,Implemented
15959,passed,Auto,Implemented
5153,,Auto,In work
15607,,Auto,In work
15608,passed,Auto,Implemented
5114,,Auto,In work
5115,,Auto,In work
5118,,Auto,In work
5119,,Auto,In work
5120,passed,Auto,Implemented
5121,,Auto,In work
5124,passed,Auto,Implemented
5125,,Auto,In work
5155,,Auto,In work
5156,,Auto,In work
5157,,Auto,In work
5158,,Auto,In work
5159,,Auto,In work
5160,,Auto,In work
5161,,Auto,In work
5162,,Auto,In work
5163,passed,Auto,Implemented
5164,passed,Auto,Implemented
5166,,Auto,In work
5167,,Auto,In work
5168,passed,Auto,Implemented
5191,,Auto,In work
17570,,Auto,In work
7807,,Auto,In work
17571,,Auto,In work
7808,,Auto,In work
16157,,Auto,In work
16158,,Auto,In work
16159,,Auto,In work
5196,,Auto,In work
17572,,Auto,In work
5197,,Auto,In work
5198,,Auto,In work
5199,,Auto,In work
5200,,Auto,In work
7809,passed,Auto,Implemented
16056,,Auto,In work
16155,passed,Auto,Implemented
16156,,Auto,In work
5127,passed,Auto,Implemented
5128,,Auto,In work
17647,,Auto,In work
17648,,Auto,In work
17650,,Auto,In work
17651,,Auto,In work
5129,passed,Auto,Implemented
5131,,Auto,In work
5132,,Auto,In work
5133,,Auto,In work
5134,,Auto,In work
5135,,Auto,In work
5136,,Auto,In work
5226,,Auto,In work
5227,,Auto,In work
7810,,Auto,In work
7811,,Auto,In work
7812,,Auto,In work
7813,,Auto,In work
7698,passed,Auto,Implemented
7701,passed,Auto,Implemented
15952,,Auto,In work
15953,,Auto,In work
7762,passed,Auto,Implemented
7763,passed,Auto,Implemented
7764,passed,Auto,Implemented
7766,passed,Auto,Implemented
7765,passed,Auto,Implemented
7767,passed,Auto,Implemented
7732,passed,Auto,Implemented
7733,passed,Auto,Implemented
7734,passed,Auto,Implemented
7735,passed,Auto,Implemented
7752,passed,Auto,Implemented
7736,passed,Auto,Implemented
7737,passed,Auto,Implemented
15921,passed,Auto,Implemented
15922,passed,Auto,Implemented
17555,passed,Auto,Implemented
7738,passed,Auto,Implemented
7739,passed,Auto,Implemented
7745,passed,Auto,Implemented
16660,,Auto,In work
16661,,Auto,In work
16662,,Auto,In work
16663,,Auto,In work
16664,,Auto,In work
16665,,Auto,In work
16681,,Auto,In work
7819,,Auto,In work
7820,passed,Auto,Implemented
7821,,Auto,In work
7822,,Auto,In work
7823,passed,Auto,Implemented
7852,,Auto,In work
7853,,Auto,In work
16106,,Auto,In work
16107,,Auto,In work
7857,,Auto,In work
7858,,Auto,In work
7859,,Auto,In work
16693,,Auto,In work
16696,,Auto,In work
16697,,Auto,In work
16694,,Auto,In work
16695,,Auto,In work
16698,passed,Auto,Implemented
16699,passed,Auto,Implemented
16685,,Auto,In work
16686,,Auto,In work
16687,,Auto,In work
16688,,Auto,In work
16689,,Auto,In work
16690,,Auto,In work
16691,,Auto,In work
16692,,Auto,In work
4517,passed,Auto,Implemented
4519,passed,Auto,Implemented
4527,passed,Auto,Implemented
4627,passed,Auto,Implemented
4629,passed,Auto,Implemented
4530,passed,Auto,Implemented
4531,passed,Auto,Implemented
4533,passed,Auto,Implemented
4537,passed,Auto,Implemented
4541,passed,Auto,Implemented
4545,passed,Auto,Implemented
4546,passed,Auto,Implemented
16792,,Auto,In work
17386,passed,Auto,Implemented
17388,,Auto,In work
16037,passed,Auto,Implemented
16046,passed,Auto,Implemented
16050,passed,Auto,Implemented
17922,passed,Auto,Implemented
16051,passed,Auto,Implemented
1384,passed,Auto,Implemented
7860,passed,Auto,Implemented
3606,passed,Auto,Implemented
3608,passed,Auto,Implemented
3607,passed,Auto,Implemented
1386,passed,Auto,Implemented
1440,passed,Auto,Implemented
1387,passed,Auto,Implemented
1441,passed,Auto,Implemented
1442,passed,Auto,Implemented
2937,,Auto,In work
2940,passed,Auto,Implemented
2942,passed,Auto,Implemented
2946,passed,Auto,Implemented
2951,,Auto,In work
2958,,Auto,In work
2959,,Auto,In work
16064,passed,Auto,Implemented
2960,,Auto,In work
16077,,Auto,In work
2963,passed,Auto,Implemented
2964,passed,Auto,Implemented
2967,passed,Auto,Implemented
2969,passed,Auto,Implemented
2971,,Auto,In work
2972,,Auto,In work
15872,passed,Auto,Implemented
15874,passed,Auto,Implemented
2989,passed,Auto,Implemented
2990,,Auto,In work
16065,passed,Auto,Implemented
16073,passed,Auto,Implemented
2994,passed,Auto,Implemented
2995,passed,Auto,Implemented
3001,,Auto,In work
3002,,Auto,In work
3003,,Auto,In work
3006,,Auto,In work
3011,passed,Auto,Implemented
1156,,Auto,In work
1158,,Auto,In work
1159,,Auto,In work
1160,,Auto,In work
3615,,Auto,In work
16264,passed,Auto,Implemented
16267,passed,Auto,Implemented
16268,passed,Auto,Implemented
16269,passed,Auto,Implemented
4767,passed,Auto,Implemented
4768,passed,Auto,Implemented
4769,passed,Auto,Implemented
16243,passed,Auto,Implemented
16244,passed,Auto,Implemented
16246,passed,Auto,Implemented
4772,passed,Auto,Implemented
4773,passed,Auto,Implemented
4774,passed,Auto,Implemented
16026,,Auto,In work
4780,,Auto,In work
4781,passed,Auto,Implemented
4782,passed,Auto,Implemented
4783,passed,Auto,Implemented
4784,passed,Auto,Implemented
4827,,Auto,In work
8001,,Auto,In work
4787,passed,Auto,Implemented
4786,,Auto,In work
4788,passed,Auto,Implemented
4790,passed,Auto,Implemented
4792,passed,Auto,Implemented
4793,passed,Auto,Implemented
4794,passed,Auto,Implemented
4795,passed,Auto,Implemented
8004,passed,Auto,Implemented
4803,passed,Auto,Implemented
4832,passed,Auto,Implemented
15738,,Auto,In work
4833,passed,Auto,Implemented
4834,passed,Auto,Implemented
15954,passed,Auto,Implemented
15955,passed,Auto,Implemented
15956,passed,Auto,Implemented
4837,passed,Auto,Implemented
4836,,Auto,In work
4838,passed,Auto,Implemented
4839,passed,Auto,Implemented
4840,passed,Auto,Implemented
4841,passed,Auto,Implemented
4842,passed,Auto,Implemented
4844,passed,Auto,Implemented
4845,,Auto,In work
18028 ,passed,Auto,Implemented
18029,passed,Auto,Implemented
4851,passed,Auto,Implemented
4849,passed,Auto,Implemented
4854,passed,Auto,Implemented
4856,passed,Auto,Implemented
17560,passed,Auto,Implemented
4852,passed,Auto,Implemented
4855,passed,Auto,Implemented
18592,,Auto,In work
18742,,Auto,In work
18744,,Auto,In work
4806,passed,Auto,Implemented
4807,passed,Auto,Implemented
4808,passed,Auto,Implemented
17639,passed,Auto,Implemented
17640,passed,Auto,Implemented
4828,passed,Auto,Implemented
4829,passed,Auto,Implemented
15964,passed,Auto,Implemented
17641,passed,Auto,Implemented
17642,passed,Auto,Implemented
17643,passed,Auto,Implemented
4810,passed,Auto,Implemented
4812,passed,Auto,Implemented
4813,passed,Auto,Implemented
4814,passed,Auto,Implemented
4815,passed,Auto,Implemented
17632,passed,Auto,Implemented
4821,passed,Auto,Implemented
4823,passed,Auto,Implemented
4824,passed,Auto,Implemented
4825,passed,Auto,Implemented
4826,passed,Auto,Implemented
17633,passed,Auto,Implemented
17634,passed,Auto,Implemented
17635,passed,Auto,Implemented
17636,passed,Auto,Implemented
17608,passed,Auto,Implemented
17609,passed,Auto,Implemented
17617,passed,Auto,Implemented
17618,passed,Auto,Implemented
17619,passed,Auto,Implemented
17620,passed,Auto,Implemented
17621,passed,Auto,Implemented
17622,passed,Auto,Implemented
17623,passed,Auto,Implemented
18009,passed,Auto,Implemented
18010,passed,Auto,Implemented
18011,passed,Auto,Implemented
18012,passed,Auto,Implemented
18016,passed,Auto,Implemented
17624,passed,Auto,Implemented
17625,passed,Auto,Implemented
17626,passed,Auto,Implemented
17627,passed,Auto,Implemented
17628,passed,Auto,Implemented
17629,passed,Auto,Implemented
18013,passed,Auto,Implemented
18014,passed,Auto,Implemented
18015,passed,Auto,Implemented
4859,,Auto,In work
4860,passed,Auto,Implemented
4861,passed,Auto,Implemented
18001,passed,Auto,Implemented
18002,passed,Auto,Implemented
17975,passed,Auto,Implemented
17998,passed,Auto,Implemented
17999,passed,Auto,Implemented
18000,passed,Auto,Implemented
18003,passed,Auto,Implemented
18004,passed,Auto,Implemented
18005,passed,Auto,Implemented
18006,passed,Auto,Implemented
18007,passed,Auto,Implemented
18008,passed,Auto,Implemented
18184,passed,Auto,Implemented
18185,passed,Auto,Implemented
18186,,Auto,In work
18187,,Auto,In work
18188,passed,Auto,Implemented
18189,passed,Auto,Implemented
17976,passed,Auto,Implemented
17288,passed,Auto,Implemented
16223,passed,Auto,Implemented
16224,passed,Auto,Implemented
16225,passed,Auto,Implemented
4878,passed,Auto,Implemented
4873,passed,Auto,Implemented
4874,passed,Auto,Implemented
4875,passed,Auto,Implemented
4876,passed,Auto,Implemented
15973,passed,Auto,Implemented
15976,passed,Auto,Implemented
15857,passed,Auto,Implemented
15858,passed,Auto,Implemented
15859,passed,Auto,Implemented
8329,,Auto,In work
15972,,Auto,In work
15860,passed,Auto,Implemented
4863,passed,Auto,Implemented
4864,passed,Auto,Implemented
4865,passed,Auto,Implemented
4866,passed,Auto,Implemented
4883,,Auto,In work
8324,passed,Auto,Implemented
8323,passed,Auto,Implemented
8328,passed,Auto,Implemented
15974,passed,Auto,Implemented
15975,passed,Auto,Implemented
4868,passed,Auto,Implemented
4885,passed,Auto,Implemented
4884,passed,Auto,Implemented
4869,passed,Auto,Implemented
4870,passed,Auto,Implemented
4871,passed,Auto,Implemented
15880,passed,Auto,Implemented
16247,passed,Auto,Implemented
16248,passed,Auto,Implemented
16249,passed,Auto,Implemented
17559,,Auto,In work
4882,,Auto,In work
4872,,Auto,In work
16894,passed,Auto,Implemented
15878,passed,Auto,Implemented
15977,passed,Auto,Implemented
15978,passed,Auto,Implemented
15979,passed,Auto,Implemented
17995,,Auto,In work
16234,,Auto,In work
16235,,Auto,In work
16236,,Auto,In work
16237,,Auto,In work
16238,,Auto,In work
16239,,Auto,In work
15739,,Auto,In work
4894,,Auto,In work
4895,,Auto,In work
4896,,Auto,In work
4897,,Auto,In work
4900,passed,Auto,Implemented
4901,passed,Auto,Implemented
4902,,Auto,In work
4903,,Auto,In work
4905,,Auto,In work
4906,,Auto,In work
4907,,Auto,In work
4909,,Auto,In work
4912,,Auto,In work
4914,passed,Auto,Implemented
4915,passed,Auto,Implemented
4911,,Auto,In work
4922,,Auto,In work
15775,,Auto,In work
4931,passed,Auto,Implemented
4932,,Auto,In work
4937,,Auto,In work
4933,,Auto,In work
17972,,Auto,In work
4935,,Auto,In work
4936,,Auto,In work
4939,,Auto,In work
4940,,Auto,In work
4942,,Auto,In work
4943,,Auto,In work
4944,,Auto,In work
4947,,Auto,In work
4948,,Auto,In work
15981,,Auto,In work
4949,,Auto,In work
4950,,Auto,In work
4951,,Auto,In work
15776,passed,Auto,Implemented
4985,,Auto,In work
4986,,Auto,In work
4987,passed,Auto,Implemented
4988,,Auto,In work
4989,,Auto,In work
4991,,Auto,In work
4992,,Auto,In work
4993,,Auto,In work
4995,passed,Auto,Implemented
4997,passed,Auto,Implemented
4998,passed,Auto,Implemented
5000,passed,Auto,Implemented
5001,passed,Auto,Implemented
5003,passed,Auto,Implemented
5007,passed,Auto,Implemented
15983,passed,Auto,Implemented
5008,passed,Auto,Implemented
15740,passed,Auto,Implemented
5072,passed,Auto,Implemented
5073,passed,Auto,Implemented
5076,passed,Auto,Implemented
15777,passed,Auto,Implemented
5083,passed,Auto,Implemented
5086,passed,Auto,Implemented
5087,passed,Auto,Implemented
5088,passed,Auto,Implemented
5089,passed,Auto,Implemented
5090,passed,Auto,Implemented
5091,passed,Auto,Implemented
17037,passed,Auto,Implemented
5099,passed,Auto,Implemented
5102,passed,Auto,Implemented
5103,passed,Auto,Implemented
5104,passed,Auto,Implemented
5105,passed,Auto,Implemented
5106,passed,Auto,Implemented
5107,passed,Auto,Implemented
17036,passed,Auto,Implemented
5092,passed,Auto,Implemented
5093,,Auto,In work
17347,passed,Auto,Implemented
17342,passed,Auto,Implemented
17351,passed,Auto,Implemented
17343,passed,Auto,Implemented
17352,passed,Auto,Implemented
17344,passed,Auto,Implemented
5174,passed,Auto,Implemented
5177,,Auto,In work
15844,,Auto,In work
5180,,Auto,In work
5181,,Auto,In work
18245,passed,Auto,Implemented
18246,passed,Auto,Implemented
18247,passed,Auto,Implemented
18291,passed,Auto,Implemented
18292,passed,Auto,Implemented
5186,passed,Auto,Implemented
15987,passed,Auto,Implemented
5193,passed,Auto,Implemented
5194,passed,Auto,Implemented
5204,passed,Auto,Implemented
5220,passed,Auto,Implemented
5221,passed,Auto,Implemented
5223,passed,Auto,Implemented
5222,passed,Auto,Implemented
5214,passed,Auto,Implemented
5303,passed,Auto,Implemented
5304,passed,Auto,Implemented
5308,passed,Auto,Implemented
5309,passed,Auto,Implemented
5310,passed,Auto,Implemented
5314,passed,Auto,Implemented
5459,passed,Auto,Implemented
5460,passed,Auto,Implemented
5324,passed,Auto,Implemented
5325,passed,Auto,Implemented
5326,passed,Auto,Implemented
5327,passed,Auto,Implemented
5328,passed,Auto,Implemented
5461,passed,Auto,Implemented
5462,passed,Auto,Implemented
5343,passed,Auto,Implemented
5344,passed,Auto,Implemented
5354,passed,Auto,Implemented
5355,passed,Auto,Implemented
5360,passed,Auto,Implemented
5361,passed,Auto,Implemented
5362,passed,Auto,Implemented
5463,passed,Auto,Implemented
5465,passed,Auto,Implemented
5406,passed,Auto,Implemented
5409,passed,Auto,Implemented
5412,passed,Auto,Implemented
5414,passed,Auto,Implemented
5415,passed,Auto,Implemented
5469,passed,Auto,Implemented
5471,passed,Auto,Implemented
5446,passed,Auto,Implemented
5474,passed,Auto,Implemented
5419,,Auto,In work
5420,passed,Auto,Implemented
17710,passed,Auto,Implemented
5422,,Auto,In work
5424,,Auto,In work
5475,passed,Auto,Implemented
16861,passed,Auto,Implemented
5423,,Auto,In work
5425,,Auto,In work
5476,,Auto,In work
5435,,Auto,In work
5504,,Auto,In work
5436,,Auto,In work
5505,,Auto,In work
5437,passed,Auto,Implemented
5438,,Auto,In work
5512,passed,Auto,Implemented
5429,passed,Auto,Implemented
5433,passed,Auto,Implemented
5507,passed,Auto,Implemented
5441,,Auto,In work
16034,passed,Auto,Implemented
16891,,Auto,In work
16892,,Auto,In work
5364,passed,Auto,Implemented
5365,passed,Auto,Implemented
5366,passed,Auto,Implemented
5509,passed,Auto,Implemented
15876,passed,Auto,Implemented
17275,passed,Auto,Implemented
17276,passed,Auto,Implemented
5372,passed,Auto,Implemented
15651,passed,Auto,Implemented
17268,,Auto,In work
17492,passed,Auto,Implemented
5383,passed,Auto,Implemented
5384,passed,Auto,Implemented
5390,passed,Auto,Implemented
5391,passed,Auto,Implemented
5392,passed,Auto,Implemented
5397,passed,Auto,Implemented
5400,passed,Auto,Implemented
5401,passed,Auto,Implemented
16292,passed,Auto,Implemented
16293,passed,Auto,Implemented
16297,,Auto,In work
5456,passed,Auto,Implemented
5516,passed,Auto,Implemented
17290,passed,Auto,Implemented
17291,passed,Auto,Implemented
16136,,Auto,In work
16137,,Auto,In work
16138,,Auto,In work
16139,,Auto,In work
16125,,Auto,In work
17035,,Auto,In work
16133,passed,Auto,Implemented
16134,passed,Auto,Implemented
16127,,Auto,In work
16128,,Auto,In work
16129,,Auto,In work
16130,,Auto,In work
16131,,Auto,In work
16928,,Auto,In work
16931,passed,Auto,Implemented
16934,,Auto,In work
16936,,Auto,In work
17348,,Auto,In work
17349,,Auto,In work
17350,,Auto,In work
16030,,Auto,In work
16031,,Auto,In work
16897,passed,Auto,Implemented
16898,passed,Auto,Implemented
18596,passed,Auto,Implemented
18597,passed,Auto,Implemented
18602,passed,Auto,Implemented
18606,passed,Auto,Implemented
18610,passed,Auto,Implemented
18611,passed,Auto,Implemented
18612,passed,Auto,Implemented
18616,passed,Auto,Implemented
18617,passed,Auto,Implemented
17333,passed,Auto,Implemented
16991,,Auto,In work
16992,passed,Auto,Implemented
16993,,Auto,In work
16994,passed,Auto,Implemented
17009,passed,Auto,Implemented
16998,passed,Auto,Implemented
16999,passed,Auto,Implemented
17000,passed,Auto,Implemented
17001,passed,Auto,Implemented
17002,passed,Auto,Implemented
17003,passed,Auto,Implemented
17004,passed,Auto,Implemented
17010,passed,Auto,Implemented
17005,passed,Auto,Implemented
17006,passed,Auto,Implemented
17007,,Auto,In work
17008,,Auto,In work
18655,,Auto,In work
18656,,Auto,In work
18657,,Auto,In work
18658,,Auto,In work
18659,,Auto,In work
2754,passed,Auto,Implemented
2757,,Auto,In work
18544,,Auto,In work
18545,,Auto,In work
18548,,Auto,In work
18549,,Auto,In work
18550,,Auto,In work
2764,,Auto,In work
2765,,Auto,In work
18558,,Auto,In work
18559,,Auto,In work
18566,,Auto,In work
18567,,Auto,In work
3053,passed,Auto,Implemented
16821,,Auto,In work
3054,passed,Auto,Implemented
2772,,Auto,In work
2774,,Auto,In work
2777,,Auto,In work
3055,,Auto,In work
2784,,Auto,In work
18580,,Auto,In work
18581,,Auto,In work
18582,,Auto,In work
18583,,Auto,In work
18620,,Auto,In work
18618,,Auto,In work
18621,,Auto,In work
18619,,Auto,In work
2788,passed,Auto,Implemented
2789,,Auto,In work
2797,,Auto,In work
17109,,Auto,In work
2800,,Auto,In work
2802,,Auto,In work
3058,,Auto,In work
18574,,Auto,In work
2817,,Auto,In work
2818,,Auto,In work
2819,,Auto,In work
2824,,Auto,In work
2825,,Auto,In work
2827,,Auto,In work
2836,,Auto,In work
7942,,Auto,In work
2841,,Auto,In work
2842,,Auto,In work
15847,,Auto,In work
2848,passed,Auto,Implemented
2782,,Auto,In work
16218,,Auto,In work
16819,,Auto,In work
2799,,Auto,In work
17111,passed,Auto,Implemented
17113,,Auto,In work
3060,passed,Auto,Implemented
3596,passed,Auto,Implemented
15809,passed,Auto,Implemented
3590,passed,Auto,Implemented
3601,passed,Auto,Implemented
3063,passed,Auto,Implemented
3599,passed,Auto,Implemented
3064,passed,Auto,Implemented
3600,passed,Auto,Implemented
3065,passed,Auto,Implemented
3602,passed,Auto,Implemented
15786,passed,Auto,Implemented
16955,passed,Auto,Implemented
16956,passed,Auto,Implemented
16957,passed,Auto,Implemented
16958,passed,Auto,Implemented
16959,passed,Auto,Implemented
16960,passed,Auto,Implemented
17969,passed,Auto,Implemented
3618,,Auto,In work
3061,,Auto,In work
3627,,Auto,In work
3631,,Auto,In work
3629,,Auto,In work
3632,,Auto,In work
3628,passed,Auto,Implemented
3625,passed,Auto,Implemented
3626,passed,Auto,Implemented
3630,passed,Auto,Implemented
3620,,Auto,In work
3623,,Auto,In work
3621,,Auto,In work
3624,,Auto,In work
16964,passed,Auto,Implemented
16965,passed,Auto,Implemented
16966,passed,Auto,Implemented
16967,passed,Auto,Implemented
16968,,Auto,In work
16969,,Auto,In work
16970,passed,Auto,Implemented
16971,,Auto,In work
17970,passed,Auto,Implemented
3712,,Auto,In work
5271,passed,Auto,Implemented
5270,passed,Auto,Implemented
17724,passed,Auto,Implemented
17725,passed,Auto,Implemented
17726,passed,Auto,Implemented
17727,passed,Auto,Implemented
17728,passed,Auto,Implemented
17729,,Auto,In work
17730,,Auto,In work
17731,,Auto,In work
17732,,Auto,In work
17923,,Auto,In work
17924,,Auto,In work
17925,,Auto,In work
17926,,Auto,In work
17739,,Auto,In work
17734,passed,Auto,Implemented
17736,,Auto,In work
17737,,Auto,In work
17738,passed,Auto,Implemented
17742,,Auto,In work
17745,,Auto,In work
17743,,Auto,In work
17744,,Auto,In work
17746,,Auto,In work
17747,,Auto,In work
17748,,Auto,In work
17749,,Auto,In work
17750,,Auto,In work
17751,,Auto,In work
17752,,Auto,In work
17753,,Auto,In work
17754,,Auto,In work
17756,,Auto,In work
17755,,Auto,In work
17757,,Auto,In work
17758,,Auto,In work
17759,,Auto,In work
17760,,Auto,In work
17761,,Auto,In work
17774,,Auto,In work
17955,,Auto,In work
17775,,Auto,In work
17956,,Auto,In work
17776,,Auto,In work
17777,,Auto,In work
17778,,Auto,In work
17779,,Auto,In work
17780,,Auto,In work
17978,,Auto,In work
17982,,Auto,In work
18057,,Auto,In work
19044,,Auto,In work
19045,,Auto,In work
19046,,Auto,In work
19047,,Auto,In work
19048,,Auto,In work
19049,,Auto,In work
19050,,Auto,In work
19051,,Auto,In work
19052,,Auto,In work
19053,,Auto,In work
19054,,Auto,In work
19055,,Auto,In work
19056,,Auto,In work
19057,,Auto,In work
19058,,Auto,In work
19059,,Auto,In work
19060,,Auto,In work
19078,,Auto,In work
19079,,Auto,In work
19080,,Auto,In work
19081,,Auto,In work
19082,,Auto,In work
19083,,Auto,In work
19084,,Auto,In work
19085,,Auto,In work
19086,,Auto,In work
17834,,Auto,In work
17835,,Auto,In work
17836,,Auto,In work
17837,,Auto,In work
17838,,Auto,In work
17839,,Auto,In work
17840,,Auto,In work
19061,,Auto,In work
19062,,Auto,In work
19063,,Auto,In work
19064,,Auto,In work
19065,,Auto,In work
19066,,Auto,In work
19067,,Auto,In work
19068,,Auto,In work
19069,,Auto,In work
19070,,Auto,In work
19071,,Auto,In work
19072,,Auto,In work
19073,,Auto,In work
19074,,Auto,In work
19075,,Auto,In work
19076,,Auto,In work
19077,,Auto,In work
19087,,Auto,In work
19088,,Auto,In work
19089,,Auto,In work
19091,,Auto,In work
19090,,Auto,In work
19092,,Auto,In work
19093,,Auto,In work
19094,,Auto,In work
19095,,Auto,In work
17845,,Auto,In work
19098,,Auto,In work
19099,,Auto,In work
19103,,Auto,In work
19104,,Auto,In work
19096,,Auto,In work
19097,,Auto,In work
19100,,Auto,In work
19101,,Auto,In work
17842,,Auto,In work
17783,,Auto,In work
18476,,Auto,In work
18205,,Auto,In work
17784,,Auto,In work
17785,,Auto,In work
17957,,Auto,In work
17786,,Auto,In work
17787,,Auto,In work
17980,,Auto,In work
17983,,Auto,In work
18060,,Auto,In work
17825,,Auto,In work
18206,,Auto,In work
17828,,Auto,In work
17829,,Auto,In work
17958,,Auto,In work
17830,,Auto,In work
17831,,Auto,In work
17799,,Auto,In work
17788,,Auto,In work
18049,,Auto,In work
18050,,Auto,In work
18051,,Auto,In work
18052,,Auto,In work
17791,,Auto,In work
17792,,Auto,In work
18047,,Auto,In work
17793,,Auto,In work
17803,,Auto,In work
17804,,Auto,In work
17805,,Auto,In work
17843,,Auto,In work
17806,,Auto,In work
17807,,Auto,In work
18053,,Auto,In work
18054,,Auto,In work
18055,,Auto,In work
18056,,Auto,In work
17808,,Auto,In work
17809,,Auto,In work
18048,,Auto,In work
17810,,Auto,In work
17819,,Auto,In work
17820,,Auto,In work
17821,,Auto,In work
17844,,Auto,In work
17763 ,passed,Auto,Implemented
17764,passed,Auto,Implemented
17765,passed,Auto,Implemented
17766,passed,Auto,Implemented
18059,passed,Auto,Implemented
18061,passed,Auto,Implemented
17767,,Auto,In work
17768,passed,Auto,Implemented
18062,,Auto,In work
18063,,Auto,In work
17769,,Auto,In work
17770,,Auto,In work
18479,,Auto,In work
18480,,Auto,In work
18481,,Auto,In work
18484,,Auto,In work
17771,,Auto,In work
18064,,Auto,In work
18065,,Auto,In work
18477,,Auto,In work
18478,,Auto,In work
18066,passed,Auto,Implemented
18482,,Auto,In work
18483,,Auto,In work
17850,,Auto,In work
17851,,Auto,In work
17852,,Auto,In work
17853,,Auto,In work
17854,,Auto,In work
17855,,Auto,In work
18532,,Auto,In work
18533,,Auto,In work
18534,,Auto,In work
18535,,Auto,In work
18536,,Auto,In work
17979,,Auto,In work
17984,,Auto,In work
17856,,Auto,In work
17858,,Auto,In work
17859,,Auto,In work
17860,,Auto,In work
17861,,Auto,In work
17862,,Auto,In work
17863,,Auto,In work
18537,,Auto,In work
18538,,Auto,In work
18539,,Auto,In work
18540,,Auto,In work
18541,,Auto,In work
18107,,Auto,In work
17864,,Auto,In work
17866,,Auto,In work
17867,,Auto,In work
18067,,Auto,In work
18068,,Auto,In work
17870,,Auto,In work
17873,,Auto,In work
18136,,Auto,In work
17874,,Auto,In work
17875,,Auto,In work
17876,,Auto,In work
18131,,Auto,In work
18132,,Auto,In work
18133,,Auto,In work
18134,,Auto,In work
18135,,Auto,In work
17981,,Auto,In work
17985,,Auto,In work
17878,,Auto,In work
18137,,Auto,In work
17881,,Auto,In work
17882,,Auto,In work
17883,,Auto,In work
17884,,Auto,In work
18138,,Auto,In work
18139,,Auto,In work
18140,,Auto,In work
18141,,Auto,In work
18142,,Auto,In work
18143,,Auto,In work
17886,,Auto,In work
17887,,Auto,In work
18075,,Auto,In work
17920,,Auto,In work
17902,passed,Auto,Implemented
18076,passed,Auto,Implemented
17903,,Auto,In work
17904,,Auto,In work
18084,,Auto,In work
17921,,Auto,In work
17919,passed,Auto,Implemented
18077,passed,Auto,Implemented
18086,,Auto,In work
18089,,Auto,In work
18087,,Auto,In work
18088,,Auto,In work
18090,,Auto,In work
18094,,Auto,In work
18096,,Auto,In work
18097,,Auto,In work
18098,,Auto,In work
18102,,Auto,In work
18103,,Auto,In work
18104,,Auto,In work
18105,,Auto,In work
18109,,Auto,In work
18110,,Auto,In work
18111,,Auto,In work
18112,,Auto,In work
18113,,Auto,In work
18114,,Auto,In work
18115,,Auto,In work
18116,,Auto,In work
18118,,Auto,In work
18119,,Auto,In work
18124,,Auto,In work
18125,,Auto,In work
18126,,Auto,In work
18127,,Auto,In work
18128,,Auto,In work
18129,,Auto,In work
18130,,Auto,In work
18158,,Auto,In work
18159,,Auto,In work
18160,,Auto,In work
18161,,Auto,In work
18162,,Auto,In work
18163,,Auto,In work
18164,,Auto,In work
18174,,Auto,In work
18144,,Auto,In work
18145,,Auto,In work
18146,,Auto,In work
18147,,Auto,In work
18148,,Auto,In work
18149,,Auto,In work
18150,,Auto,In work
18151,,Auto,In work
18152,,Auto,In work
18153,,Auto,In work
18154,,Auto,In work
18155,,Auto,In work
18156,,Auto,In work
18157,,Auto,In work
18165,,Auto,In work
18166,passed,Auto,Implemented
18167,,Auto,In work
18175,,Auto,In work
17928,passed,Auto,Implemented
17929,passed,Auto,Implemented
17930,passed,Auto,Implemented
18176,passed,Auto,Implemented
18177,passed,Auto,Implemented
18178,passed,Auto,Implemented
18179 ,passed,Auto,Implemented
18180,passed,Auto,Implemented
18181,passed,Auto,Implemented
18211,passed,Auto,Implemented
18212,passed,Auto,Implemented
2897,,Auto,In work
2899,,Auto,In work
2900,,Auto,In work
2905,passed,Auto,Implemented
2906,passed,Auto,Implemented
2907,,Auto,In work
2908,,Auto,In work
2911,,Auto,In work
2912,,Auto,In work
17243,,Auto,In work
2914,,Auto,In work
2915,,Auto,In work
17212,,Auto,In work
2917,,Auto,In work
2918,,Auto,In work
17233,,Auto,In work
17235,passed,Auto,Implemented
17236,passed,Auto,Implemented
17237,passed,Auto,Implemented
17239,passed,Auto,Implemented
17240,,Auto,In work
17241,,Auto,In work
17242,,Auto,In work
17244,,Auto,In work
17245,,Auto,In work
17246,,Auto,In work
17248,,Auto,In work
17247,,Auto,In work
17249,,Auto,In work
17250,,Auto,In work
17251,passed,Auto,Implemented
17252,passed,Auto,Implemented
17253,passed,Auto,Implemented
17254,,Auto,In work
17255,,Auto,In work
17256,,Auto,In work
17257,,Auto,In work
17258,,Auto,In work
17259,,Auto,In work
17260,,Auto,In work
17676,,Auto,In work
17678,,Auto,In work
17677,,Auto,In work
17679,,Auto,In work
17261,,Auto,In work
17262,,Auto,In work
17018,passed,Auto,Implemented
16942,,Auto,In work
16255,,Auto,In work
15546,,Auto,In work
17032,,Auto,In work
17394,,Auto,In work
17395,,Auto,In work
18159,,Auto,In work
17396,,Auto,In work
8194,passed,Auto,Implemented
8195,passed,Auto,Implemented
5479,,Auto,In work
5515,passed,Auto,Implemented
5517,passed,Auto,Implemented
5518,passed,Auto,Implemented
5524,passed,Auto,Implemented
5525,passed,Auto,Implemented
5526,passed,Auto,Implemented
5532,passed,Auto,Implemented
5533,passed,Auto,Implemented
5534,passed,Auto,Implemented
5535,passed,Auto,Implemented
5536,passed,Auto,Implemented
5537,passed,Auto,Implemented
5538,passed,Auto,Implemented
5539,passed,Auto,Implemented
5540,passed,Auto,Implemented
5541,passed,Auto,Implemented
5542,passed,Auto,Implemented
5543,passed,Auto,Implemented
5551,passed,Auto,Implemented
6058,passed,Auto,Implemented
6059,passed,Auto,Implemented
7613,passed,Auto,Implemented
6179,passed,Auto,Implemented
6180,passed,Auto,Implemented
6181,passed,Auto,Implemented
7614,,Auto,In work
7221,,Auto,In work
7222,,Auto,In work
7223,,Auto,In work
8223,,Auto,In work
18250,,Auto,In work
7224,,Auto,In work
7225,,Auto,In work
7226,,Auto,In work
7227,,Auto,In work
8225,,Auto,In work
18251,,Auto,In work
7615,,Auto,In work
7228,,Auto,In work
7229,,Auto,In work
7230,,Auto,In work
8226,,Auto,In work
18252,,Auto,In work
8227,,Auto,In work
8229,,Auto,In work
16258,,Auto,In work
7243,,Auto,In work
7244,,Auto,In work
7245,,Auto,In work
7246,,Auto,In work
16256,,Auto,In work
16257,,Auto,In work
16811,passed,Auto,Implemented
16812,passed,Auto,Implemented
7231,passed,Auto,Implemented
7234,passed,Auto,Implemented
7232,passed,Auto,Implemented
7235,passed,Auto,Implemented
7233,passed,Auto,Implemented
7236,passed,Auto,Implemented
7239,passed,Auto,Implemented
7240,passed,Auto,Implemented
7241,passed,Auto,Implemented
7242,passed,Auto,Implemented
15927,passed,Auto,Implemented
15928,passed,Auto,Implemented
7617,passed,Auto,Implemented
7618,passed,Auto,Implemented
16259,passed,Auto,Implemented
6707,passed,Auto,Implemented
6708,passed,Auto,Implemented
6709,passed,Auto,Implemented
6710,passed,Auto,Implemented
6711,,Auto,In work
6712,passed,Auto,Implemented
6713,passed,Auto,Implemented
6714,passed,Auto,Implemented
6715,passed,Auto,Implemented
15519,passed,Auto,Implemented
16902,passed,Auto,Implemented
16903,passed,Auto,Implemented
18095,passed,Auto,Implemented
18099,passed,Auto,Implemented
18100,passed,Auto,Implemented
18101,passed,Auto,Implemented
16722,passed,Auto,Implemented
16719,passed,Auto,Implemented
16721,passed,Auto,Implemented
16720,passed,Auto,Implemented
17562,passed,Auto,Implemented
16725,passed,Auto,Implemented
16726,passed,Auto,Implemented
16727,passed,Auto,Implemented
7667,,Auto,In work
7665,,Auto,In work
7668,,Auto,In work
7669,,Auto,In work
7670,,Auto,In work
7671,,Auto,In work
16260,,Auto,In work
15924,,Auto,In work
7486,,Auto,In work
7487,,Auto,In work
7489,,Auto,In work
7491,,Auto,In work
7502,,Auto,In work
7496,,Auto,In work
7488,,Auto,In work
7492,passed,Auto,Implemented
15914,passed,Auto,Implemented
15915,passed,Auto,Implemented
15916,passed,Auto,Implemented
7503,,Auto,In work
7504,,Auto,In work
7505,,Auto,In work
7506,,Auto,In work
7507,,Auto,In work
7490,,Auto,In work
7494,,Auto,In work
15918,,Auto,In work
15919,,Auto,In work
15920,,Auto,In work
15587,,Auto,In work
7513,,Auto,In work
7515,,Auto,In work
7517,,Auto,In work
7519,,Auto,In work
7520,,Auto,In work
7521,,Auto,In work
7522,,Auto,In work
7523,passed,Auto,Implemented
15905,passed,Auto,Implemented
15906,passed,Auto,Implemented
15907,passed,Auto,Implemented
7525,,Auto,In work
7526,,Auto,In work
7527,,Auto,In work
7528,,Auto,In work
7529,,Auto,In work
7530,,Auto,In work
7531,,Auto,In work
15909,,Auto,In work
15910,,Auto,In work
15911,,Auto,In work
15588,,Auto,In work
7514,,Auto,In work
7537,,Auto,In work
7538,,Auto,In work
7539,,Auto,In work
7540,,Auto,In work
7541,,Auto,In work
7542,,Auto,In work
7543,passed,Auto,Implemented
15897,passed,Auto,Implemented
15898,passed,Auto,Implemented
15899,passed,Auto,Implemented
7545,,Auto,In work
7546,,Auto,In work
7547,,Auto,In work
7548,,Auto,In work
7549,,Auto,In work
7550,,Auto,In work
7551,,Auto,In work
15901,,Auto,In work
15902,,Auto,In work
15903,,Auto,In work
15589,,Auto,In work
16774,passed,Auto,Implemented
16775,passed,Auto,Implemented
16776,passed,Auto,Implemented
16777,passed,Auto,Implemented
16778,passed,Auto,Implemented
16780,passed,Auto,Implemented
16781,passed,Auto,Implemented
16782,passed,Auto,Implemented
16783,passed,Auto,Implemented
16784,passed,Auto,Implemented
16786,passed,Auto,Implemented
16787,passed,Auto,Implemented
16790,passed,Auto,Implemented
16857,passed,Auto,Implemented
15547,passed,Auto,Implemented
15548,passed,Auto,Implemented
15549,passed,Auto,Implemented
15550,passed,Auto,Implemented
15552,passed,Auto,Implemented
15551,passed,Auto,Implemented
15553,passed,Auto,Implemented
15554,passed,Auto,Implemented
15893,passed,Auto,Implemented
15894,passed,Auto,Implemented
15556,passed,Auto,Implemented
15557,passed,Auto,Implemented
15592,passed,Auto,Implemented
16858,passed,Auto,Implemented
15560,passed,Auto,Implemented
15561,passed,Auto,Implemented
15562,passed,Auto,Implemented
15563,passed,Auto,Implemented
15564,passed,Auto,Implemented
15565,passed,Auto,Implemented
15566,passed,Auto,Implemented
15567,passed,Auto,Implemented
15887,passed,Auto,Implemented
15888,passed,Auto,Implemented
15569,passed,Auto,Implemented
15570,passed,Auto,Implemented
15593,passed,Auto,Implemented
16859,passed,Auto,Implemented
15573,passed,Auto,Implemented
15574,passed,Auto,Implemented
15575,passed,Auto,Implemented
15576,passed,Auto,Implemented
15577,passed,Auto,Implemented
15578,passed,Auto,Implemented
15579,passed,Auto,Implemented
15580,passed,Auto,Implemented
15890,passed,Auto,Implemented
15891,passed,Auto,Implemented
15582,passed,Auto,Implemented
15583,passed,Auto,Implemented
15594,passed,Auto,Implemented
16860,passed,Auto,Implemented
15883,,Auto,In work
15884,,Auto,In work
15885,,Auto,In work
15868,passed,Auto,Implemented
18030,,Auto,In work
18031,,Auto,In work
18032,,Auto,In work
18033,,Auto,In work
15591,,Auto,In work
15787,,Auto,In work
15788,,Auto,In work
15790,,Auto,In work
18034,,Auto,In work
18035,,Auto,In work
18036,,Auto,In work
18037,,Auto,In work
18038,,Auto,In work
18039,,Auto,In work
7575,passed,Auto,Implemented
7576,passed,Auto,Implemented
7569,passed,Auto,Implemented
7570,passed,Auto,Implemented
7571,passed,Auto,Implemented
7572,passed,Auto,Implemented
7573,passed,Auto,Implemented
7574,passed,Auto,Implemented
7578,passed,Auto,Implemented
7579,passed,Auto,Implemented
7580,passed,Auto,Implemented
7581,passed,Auto,Implemented
7587,passed,Auto,Implemented
7588,passed,Auto,Implemented
17653,passed,Auto,Implemented
17657,passed,Auto,Implemented
17661,passed,Auto,Implemented
7589,passed,Auto,Implemented
7590,passed,Auto,Implemented
17654,passed,Auto,Implemented
17658,passed,Auto,Implemented
17662,passed,Auto,Implemented
7591,passed,Auto,Implemented
7592,passed,Auto,Implemented
17655,passed,Auto,Implemented
17659,passed,Auto,Implemented
17663,passed,Auto,Implemented
7593,passed,Auto,Implemented
7594,passed,Auto,Implemented
17656,passed,Auto,Implemented
17660,passed,Auto,Implemented
17664,passed,Auto,Implemented
7597,passed,Auto,Implemented
7599,passed,Auto,Implemented
7601,passed,Auto,Implemented
17353,passed,Auto,Implemented
16856,passed,Auto,Implemented
17354,passed,Auto,Implemented
16853,passed,Auto,Implemented
17355,passed,Auto,Implemented
16854,passed,Auto,Implemented
17356,passed,Auto,Implemented
16855,passed,Auto,Implemented
17357,passed,Auto,Implemented
17358,passed,Auto,Implemented
17359,passed,Auto,Implemented
17360,passed,Auto,Implemented
17361,passed,Auto,Implemented
17362,passed,Auto,Implemented
17363,passed,Auto,Implemented
17364,passed,Auto,Implemented
18199,passed,Auto,Implemented
18200,passed,Auto,Implemented
18201,passed,Auto,Implemented
18202,passed,Auto,Implemented
18236,passed,Auto,Implemented
18237,passed,Auto,Implemented
18238,passed,Auto,Implemented
18239,passed,Auto,Implemented
15793,passed,Auto,Implemented
15794,passed,Auto,Implemented
15795,passed,Auto,Implemented
15796,passed,Auto,Implemented
15797,passed,Auto,Implemented
17566,passed,Auto,Implemented
15798,passed,Auto,Implemented
15799,passed,Auto,Implemented
15800,passed,Auto,Implemented
15801,passed,Auto,Implemented
15802,passed,Auto,Implemented
17567,passed,Auto,Implemented
15803,passed,Auto,Implemented
15804,passed,Auto,Implemented
15805,passed,Auto,Implemented
15806,passed,Auto,Implemented
15807,passed,Auto,Implemented
17568,passed,Auto,Implemented
5488,passed,Auto,Implemented
5489,,Auto,In work
16273,passed,Auto,Implemented
16274,passed,Auto,Implemented
16276,passed,Auto,Implemented
16277,passed,Auto,Implemented
16280,passed,Auto,Implemented
16281,passed,Auto,Implemented
16283,,Auto,In work
16275,,Auto,In work
16278,,Auto,In work
16878,,Auto,In work
16879,,Auto,In work
5484,passed,Auto,Implemented
5485,passed,Auto,Implemented
5486,passed,Auto,Implemented
16728,,Auto,In work
16729,,Auto,In work
16730,,Auto,In work
16731,,Auto,In work
16732,,Auto,In work
16733,,Auto,In work
16734,,Auto,In work
16735,passed,Auto,Implemented
7604,,Auto,In work
18288,,Auto,In work
18289,,Auto,In work
18290,,Auto,In work
7605,,Auto,In work
16289,passed,Auto,Implemented
16286,passed,Auto,Implemented
16287,passed,Auto,Implemented
16288,passed,Auto,Implemented
16291,,Auto,In work
17596,,Auto,In work
17597,,Auto,In work
17598,,Auto,In work
17599,,Auto,In work
17600,,Auto,In work
17601,,Auto,In work
17602,,Auto,In work
17603,,Auto,In work
17604,,Auto,In work
17605,,Auto,In work
17606,,Auto,In work
17607,,Auto,In work
18213,passed,Auto,Implemented
18254,,Auto,In work
18284,,Auto,In work
18255,passed,Auto,Implemented
18256,,Auto,In work
18285,,Auto,In work
18257,passed,Auto,Implemented
18258,passed,Auto,Implemented
18286,,Auto,In work
18259,passed,Auto,Implemented
18260,passed,Auto,Implemented
18287,,Auto,In work
18262,,Auto,In work
18263,,Auto,In work
7646,,Auto,In work
7651,,Auto,In work
7652,,Auto,In work
7653,,Auto,In work
7649,,Auto,In work
7659,,Auto,In work
7661,,Auto,In work
7660,,Auto,In work
7663,,Auto,In work
7662,,Auto,In work
7647,passed,Auto,Implemented
16641,passed,Auto,Implemented
8337,passed,Auto,Implemented
16079,passed,Auto,Implemented
15498,passed,Auto,Implemented
15499,passed,Auto,Implemented
15500,passed,Auto,Implemented
15501,passed,Auto,Implemented
8330,passed,Auto,Implemented
8331,passed,Auto,Implemented
8332,passed,Auto,Implemented
8333,passed,Auto,Implemented
3118,passed,Auto,Implemented
3120,passed,Auto,Implemented
3121,passed,Auto,Implemented
3122,passed,Auto,Implemented
3129,passed,Auto,Implemented
15504,passed,Auto,Implemented
15930,passed,Auto,Implemented
15931,passed,Auto,Implemented
15932,passed,Auto,Implemented
15933,passed,Auto,Implemented
17298,passed,Auto,Implemented
15512,passed,Auto,Implemented
15521,passed,Auto,Implemented
15524,passed,Auto,Implemented
15525,passed,Auto,Implemented
17127,passed,Auto,Implemented
17128,passed,Auto,Implemented
15527,passed,Auto,Implemented
15528,passed,Auto,Implemented
15529,passed,Auto,Implemented
15530,passed,Auto,Implemented
15531,passed,Auto,Implemented
15532,passed,Auto,Implemented
15533,passed,Auto,Implemented
15534,passed,Auto,Implemented
15535,passed,Auto,Implemented
15536,passed,Auto,Implemented
15537,passed,Auto,Implemented
18528,passed,Auto,Implemented
3109,passed,Auto,Implemented
3110,passed,Auto,Implemented
3111,passed,Auto,Implemented
3112,passed,Auto,Implemented
3113,passed,Auto,Implemented
15505,passed,Auto,Implemented
3104,passed,Auto,Implemented
3105,passed,Auto,Implemented
3106,passed,Auto,Implemented
3090,passed,Auto,Implemented
3096,passed,Auto,Implemented
3091,passed,Auto,Implemented
3092,passed,Auto,Implemented
3093,passed,Auto,Implemented
3094,passed,Auto,Implemented
3095,passed,Auto,Implemented
3100,passed,Auto,Implemented
3101,passed,Auto,Implemented
3102,,Auto,In work
3709,passed,Auto,Implemented
3074,passed,Auto,Implemented
3075,passed,Auto,Implemented
16895,passed,Auto,Implemented
3076,passed,Auto,Implemented
3078,passed,Auto,Implemented
15506,passed,Auto,Implemented
3081,passed,Auto,Implemented
3083,,Auto,In work
3087,passed,Auto,Implemented
3088,passed,Auto,Implemented
3708,passed,Auto,Implemented
16796,passed,Auto,Implemented
16797,passed,Auto,Implemented
3150,passed,Auto,Implemented
3152,passed,Auto,Implemented
3153,passed,Auto,Implemented
15507,passed,Auto,Implemented
3154,passed,Auto,Implemented
3151,passed,Auto,Implemented
3157,,Auto,In work
3158,passed,Auto,Implemented
3160,,Auto,In work
3161,,Auto,In work
4595,passed,Auto,Implemented
15863,passed,Auto,Implemented
3180,,Auto,In work
3181,passed,Auto,Implemented
16798,passed,Auto,Implemented
3182,passed,Auto,Implemented
3184,passed,Auto,Implemented
16801,passed,Auto,Implemented
16799,,Auto,In work
16800,,Auto,In work
3187,passed,Auto,Implemented
3188,passed,Auto,Implemented
3189,,Auto,In work
3191,passed,Auto,Implemented
3194,passed,Auto,Implemented
16802,passed,Auto,Implemented
15867,passed,Auto,Implemented
3195,passed,Auto,Implemented
3196,passed,Auto,Implemented
3197,passed,Auto,Implemented
3204,passed,Auto,Implemented
3206,passed,Auto,Implemented
16877,passed,Auto,Implemented
16875,,Auto,In work
3207,,Auto,In work
16899,passed,Auto,Implemented
3210,passed,Auto,Implemented
3212,passed,Auto,Implemented
3213,passed,Auto,Implemented
3214,,Auto,In work
16810,passed,Auto,Implemented
16876,,Auto,In work
3223,passed,Auto,Implemented
3225,passed,Auto,Implemented
3226,,Auto,In work
3228,passed,Auto,Implemented
3230,passed,Auto,Implemented
3231,,Auto,In work
3276,,Auto,In work
3277,,Auto,In work
3283,passed,Auto,Implemented
3279,passed,Auto,Implemented
3280,passed,Auto,Implemented
3282,passed,Auto,Implemented
16900,passed,Auto,Implemented
3286,,Auto,In work
3288,,Auto,In work
3289,passed,Auto,Implemented
3290,passed,Auto,Implemented
3291,passed,Auto,Implemented
3293,passed,Auto,Implemented
3294,passed,Auto,Implemented
3295,,Auto,In work
3296,passed,Auto,Implemented
3298,passed,Auto,Implemented
18514,passed,Auto,Implemented
3301,passed,Auto,Implemented
3303,passed,Auto,Implemented
3307,passed,Auto,Implemented
3308,passed,Auto,Implemented
3309,passed,Auto,Implemented
3310,passed,Auto,Implemented
3311,,Auto,In work
3312,passed,Auto,Implemented
3314,,Auto,In work
3329,passed,Auto,Implemented
3333,passed,Auto,Implemented
3334,passed,Auto,Implemented
3351,passed,Auto,Implemented
3352,passed,Auto,Implemented
3353,passed,Auto,Implemented
3355,passed,Auto,Implemented
3359,passed,Auto,Implemented
3361,passed,Auto,Implemented
3366,,Auto,In work
3367,,Auto,In work
3401,passed,Auto,Implemented
3403,passed,Auto,Implemented
3407,passed,Auto,Implemented
3410,,Auto,In work
3413,,Auto,In work
3414,passed,Auto,Implemented
3416,,Auto,In work
4564,passed,Auto,Implemented
4565,passed,Auto,Implemented
4566,passed,Auto,Implemented
4567,passed,Auto,Implemented
15934,passed,Auto,Implemented
16901,passed,Auto,Implemented
4568,passed,Auto,Implemented
4569,passed,Auto,Implemented
4570,passed,Auto,Implemented
4571,passed,Auto,Implemented
4572,passed,Auto,Implemented
4573,passed,Auto,Implemented
4574,passed,Auto,Implemented
4575,passed,Auto,Implemented
4576,passed,Auto,Implemented
4577,passed,Auto,Implemented
4578,passed,Auto,Implemented
4579,passed,Auto,Implemented
4580,passed,Auto,Implemented
4586,passed,Auto,Implemented
4587,passed,Auto,Implemented
4588,passed,Auto,Implemented
4589,passed,Auto,Implemented
16630,passed,Auto,Implemented
16631,passed,Auto,Implemented
16632,passed,Auto,Implemented
16803,passed,Auto,Implemented
16805,,Auto,In work
3418,passed,Auto,Implemented
3419,passed,Auto,Implemented
3420,passed,Auto,Implemented
3421,passed,Auto,Implemented
3422,passed,Auto,Implemented
3423,passed,Auto,Implemented
3424,passed,Auto,Implemented
3425,passed,Auto,Implemented
4590,passed,Auto,Implemented
4591,passed,Auto,Implemented
16634,passed,Auto,Implemented
16635,passed,Auto,Implemented
16636,passed,Auto,Implemented
16637,passed,Auto,Implemented
15767,passed,Auto,Implemented
15768,passed,Auto,Implemented
15769,passed,Auto,Implemented
15770,passed,Auto,Implemented
15771,passed,Auto,Implemented
15772,passed,Auto,Implemented
3426,passed,Auto,Implemented
3427,passed,Auto,Implemented
3428,passed,Auto,Implemented
3429,passed,Auto,Implemented
4598,passed,Auto,Implemented
3430,passed,Auto,Implemented
3444,passed,Auto,Implemented
3445,passed,Auto,Implemented
16080,passed,Auto,Implemented
16081,passed,Auto,Implemented
16082,passed,Auto,Implemented
16083,passed,Auto,Implemented
3449,passed,Auto,Implemented
3450,passed,Auto,Implemented
3451,passed,Auto,Implemented
3452,passed,Auto,Implemented
3453,passed,Auto,Implemented
3457,passed,Auto,Implemented
3458,passed,Auto,Implemented
15845,passed,Auto,Implemented
15846,passed,Auto,Implemented
3572,passed,Auto,Implemented
3573,passed,Auto,Implemented
16085,passed,Auto,Implemented
16086,passed,Auto,Implemented
3463,,Auto,In work
3464,,Auto,In work
3465,,Auto,In work
3466,passed,Auto,Implemented
3467,,Auto,In work
3470,,Auto,In work
15935,passed,Auto,Implemented
15936,passed,Auto,Implemented
15937,passed,Auto,Implemented
15939,passed,Auto,Implemented
3471,passed,Auto,Implemented
15943,passed,Auto,Implemented
15944,passed,Auto,Implemented
3472,passed,Auto,Implemented
15945,passed,Auto,Implemented
3474,passed,Auto,Implemented
16813,passed,Auto,Implemented
16815,passed,Auto,Implemented
16814,passed,Auto,Implemented
16816,passed,Auto,Implemented
15938,passed,Auto,Implemented
3475,passed,Auto,Implemented
15942,passed,Auto,Implemented
17986,passed,Auto,Implemented
17987,passed,Auto,Implemented
17988,passed,Auto,Implemented
17989,passed,Auto,Implemented
3476,passed,Auto,Implemented
3477,passed,Auto,Implemented
3478,passed,Auto,Implemented
3479,passed,Auto,Implemented
3480,passed,Auto,Implemented
3481,passed,Auto,Implemented
3482,passed,Auto,Implemented
3484,passed,Auto,Implemented
3488,passed,Auto,Implemented
3490,,Auto,In work
3491,,Auto,In work
3492,passed,Auto,Implemented
3493,,Auto,In work
3494,,Auto,In work
3495,,Auto,In work
3496,passed,Auto,Implemented
3497,passed,Auto,Implemented
3498,passed,Auto,Implemented
3499,passed,Auto,Implemented
16806,passed,Auto,Implemented
3501,passed,Auto,Implemented
3503,passed,Auto,Implemented
3506,,Auto,In work
3515,passed,Auto,Implemented
3516,,Auto,In work
3517,,Auto,In work
3519,,Auto,In work
3520,,Auto,In work
3521,,Auto,In work
3522,passed,Auto,Implemented
3523,passed,Auto,Implemented
3524,passed,Auto,Implemented
3525,,Auto,In work
3526,passed,Auto,Implemented
3527,passed,Auto,Implemented
16817,passed,Auto,Implemented
16818,passed,Auto,Implemented
3529,passed,Auto,Implemented
3538,passed,Auto,Implemented
15510,passed,Auto,Implemented
3560,passed,Auto,Implemented
3564,passed,Auto,Implemented
3565,passed,Auto,Implemented
15848,passed,Auto,Implemented
15849,passed,Auto,Implemented
15850,passed,Auto,Implemented
15851,passed,Auto,Implemented
15852,passed,Auto,Implemented
3568,,Auto,In work
3569,,Auto,In work
3570,passed,Auto,Implemented
16462,passed,Auto,Implemented
16463,,Auto,In work
16464,,Auto,In work
3574,passed,Auto,Implemented
3575,passed,Auto,Implemented
3576,passed,Auto,Implemented
3577,passed,Auto,Implemented
3579,passed,Auto,Implemented
3580,passed,Auto,Implemented
15881,,Auto,In work
